{"loss": [9.366715431213379, 1.1614660024642944, 0.904619574546814, 0.7746891975402832, 0.7308651804924011, 0.5552954077720642, 0.4893736243247986, 0.4790576696395874, 0.3311477303504944, 0.45025569200515747, 0.24458026885986328, 0.22184616327285767, 0.15030357241630554, 0.17905762791633606, 0.17677217721939087, 0.08260787278413773, 0.07277850061655045, 0.15870004892349243, 0.16879335045814514, 0.13760462403297424, 0.06940866261720657, 0.07052606344223022, 0.025198308750987053, 0.014140945859253407, 0.011683923192322254, 0.014771237038075924, 0.010714437812566757, 0.00974066462367773, 0.001208405359648168, 0.006754573434591293], "accuracy": [0.2854812443256378, 0.45350733399391174, 0.6068515777587891, 0.6623165011405945, 0.7128874659538269, 0.7618270516395569, 0.804241418838501, 0.8026100993156433, 0.8776509165763855, 0.8238173127174377, 0.9151712656021118, 0.9151712656021118, 0.9575856328010559, 0.9265905618667603, 0.9380097985267639, 0.9738988876342773, 0.9706361889839172, 0.9559543132781982, 0.9477977156639099, 0.9543229937553406, 0.9771615266799927, 0.9820554852485657, 0.990212082862854, 0.995106041431427, 0.9967373609542847, 0.9983686804771423, 0.9967373609542847, 0.9967373609542847, 1.0, 0.9983686804771423], "val_loss": [1.3752892017364502, 1.005001187324524, 0.8111010789871216, 0.9016362428665161, 0.6645666360855103, 0.7475683689117432, 0.9233112335205078, 0.8632681965827942, 0.641143262386322, 0.7364174723625183, 1.4420768022537231, 1.031303882598877, 0.5311925411224365, 1.3036820888519287, 0.6955439448356628, 1.1355892419815063, 0.878923773765564, 0.903792679309845, 0.9154431819915771, 0.5277289152145386, 0.7584898471832275, 0.6376574635505676, 0.40628495812416077, 0.41795945167541504, 0.3976835012435913, 0.4417845904827118, 0.42948296666145325, 0.4489717483520508, 0.4535585641860962, 0.4584994316101074], "val_accuracy": [0.3472222089767456, 0.5416666865348816, 0.6666666865348816, 0.5138888955116272, 0.75, 0.7083333134651184, 0.6388888955116272, 0.7083333134651184, 0.7916666865348816, 0.7916666865348816, 0.6388888955116272, 0.7916666865348816, 0.8055555820465088, 0.6944444179534912, 0.8055555820465088, 0.7777777910232544, 0.8055555820465088, 0.7222222089767456, 0.7777777910232544, 0.8333333134651184, 0.7916666865348816, 0.8333333134651184, 0.875, 0.8611111044883728, 0.8888888955116272, 0.8888888955116272, 0.9027777910232544, 0.8888888955116272, 0.8888888955116272, 0.8888888955116272]}